{
   
    "规则名": "XYQHiker模板",
    "规则作者": "sm",
    "请求头参数":"MOBILE_UA",
    "网页编码格式":"UTF-8",
    "图片是否需要代理":"0",
    "是否开启获取首页数据":"1",
    
    "首页推荐链接": "https://www.l0l.tv",
    "首页列表数组规则": "body&&.list-width",
    "首页片单列表数组规则": "a",
    "首页片单是否Jsoup写法": "1",
    
    "分类起始页码": "1",
    "分类链接": "https://www.l0l.tv/index.php/vod/show/id/{cateId}/page/{catePg}.html",
    "分类名称": "电影&电视剧&动漫&综艺&bilibili&",
    "分类名称替换词": "1&2&3&4&5&",
    "筛选数据":{},
    "分类截取模式": "1",
    "分类列表数组规则": "body&&.list-width",
    //"分类列表数组规则": "body&&list-a&&li",
    //"hmepi_arr_rule": "li",
    "分类片单是否Jsoup写法":"1",
    "分类片单标题": "a&&title",
    "分类片单链接": "a&&href",
    "分类片单图片": ".lazy.eclazy.br&&data-original",
    "分类片单副标题":".list-remarks&&Text",
    "分类片单链接加前缀": "https://www.l0l.tv",
    "分类片单链接加后缀": "",
    "搜索请求头参数":"User-Agent$PC_UA",
    "搜索链接": "https://www.l0l.tv/index.php/ajax/suggest?mid=1&wd={wd}",
    "POST请求数据":"0",
    "搜索截取模式": "0",
    "搜索列表数组规则": "list",
    "搜索片单是否Jsoup写法":"1",
    "搜索片单图片": "pic",
    "搜索片单标题": "name",
    "搜索片单链接": "id",
    "搜索片单副标题":"",
    "搜索片单链接加前缀": "https://www.l0l.tv/index.php/vod/play/id/",
    "搜索片单链接加后缀": "/sid/1/nid/1.html",
    "详情是否Jsoup写法":"0",
    "类型详情": "",
    "年代详情": "",
    "地区详情": "",
    "演员详情": "演员：</span>&&</p>",
    "简介详情": "class=\"play-m-box cor4&&</p>",
    "线路列表数组规则": "#tag&&a",
    "线路标题": "a&&alt",
    "播放列表数组规则": "body&&.content_playlist",
    "选集列表数组规则": "li",
    "选集标题链接是否Jsoup写法":"1",
    "选集标题": "a&&Text",
    "选集链接": "a&&href",
    "是否反转选集序列": "0",
    "选集链接加前缀": "https://www.l0l.tv",
    "选集链接加后缀": "",
    "分析MacPlayer":"0",
    "是否开启手动嗅探":"1",
    "手动嗅探视频链接关键词":".mp4#.m3u8#.flv",
    "手动嗅探视频链接过滤词":".html#=http"
}