{
    //规则名
    "title": "789影吧",
    //作者
    "author": "2020.10.12",
    
    "Headers":"MOBILE_UA",
    //图片是否需要代理
    "PicNeedProxy":"0",
    //是否开启获取首页数据，0关闭，1开启
    "homeContent":"1",
    //首页推荐数据获取链接
    "rcmed_url": "https://www.789ba.com",
    //首页列表数组截取。
    "home_arr_rule": "body&&.stui-vodlist",
    //首页片单列表数组定位。
    "hmepi_arr_rule": "li",
    //首页片单信息jsoup与正则截取写法切换，只作用于html网页，1为jsoup写法(默认)，0为正则截取写法
    "home_is_jsoup":"1",
    
    //分类链接起始页码,禁止负数和含小数点。
    "firstpage": "1",
    //分类链接,{cateId}是分类，{catePg}是页码,第一页没有页码的可以这样写 第二页链接[firstPage=第一页的链接]
    "class_url": "https://www.789ba.com/show/{cateId}-{area}-{by}-{class}-{lang}----{catePg}---{year}.html",
    //分类名，分类1&分类2&分类3
    "class_name": "电影&电视剧&动漫&综艺",
    //分类名替换词，替换词1&替换词2&替换词3，替换词包含英文&的用两个中文＆＆代替，示例：＆＆id=0&＆＆id=1
    "class_value": "1&2&4&3",
    //筛选数据，json格式，参考xpath的筛选写法
   // "filterdata":{},
    "筛选数据": "ext",
    // "筛选子分类名称": "全部&动作片&喜剧片&爱情片&科幻片&恐怖片&剧情片&战争片||全部&国产剧&港台剧&欧美剧&日韩剧&海外剧||空||空",
    //"筛选子分类替换词": "1&5&6&7&8&9&10&11||2&12&13&14&15&16||空||空",
    
    "筛选类型名称": "喜剧&爱情&恐怖&动作&科幻&剧情&战争&警匪&犯罪&动画&奇幻&武侠&冒险&枪战&恐怖&悬疑&惊悚&经典&青春&文艺&微电影&古装&历史&运动&农村&儿童&网络电影||古装&战争&青春偶像&喜剧&家庭&犯罪&动作&奇幻&剧情&历史&经典&乡村&情景&商战&网剧&其他||情感&科幻&热血&推理&搞笑&冒险&萝莉&校园&动作&机战&运动&战争&少年&少女&社会&原创&亲子&益智&励志&其他||情感&选秀&访谈&播报&旅游&音乐&美食&纪实&曲艺&生活&游戏互动&财经&求职",
    "筛选类型替换词": "*",
    //{area}
    "筛选地区名称": "大陆&香港&台湾&美国&法国&英国&日本&韩国&德国&泰国&印度&意大利&西班牙&加拿大&其他||大陆&美国&日本&其他||大陆&欧美&日本&其他||大陆&港台&日韩&欧美",
    "筛选地区替换词": "*",
    
   // "筛选语言名称": "国语&粤语&英语&韩语&日语||国语&英语&韩语&日语&粤语||空||空",
   // "筛选语言替换词": "*",
    //分类页面截取数据模式，0为json，其它数字为普通网页。
    "cat_mode": "1",
    //分类列表数组定位，最多支持3层，能力有限，不是所有页面都能支持
    "cat_arr_rule": ".stui-vodlist&&li",
    //分类片单信息jsoup与xb截取写法切换，只作用于html网页，1为jsoup写法(默认)，0为xb写法
    "cat_is_jsoup":"1",
    //分类片单标题
    "cat_title": "a&&title",
    //分类片单链接
    "cat_url": "a&&href",
    //分类片单图片，支持自定义图片链接
    "cat_pic": ".lazyload&&data-original",
    //分类片单副标题
    "cat_subtitle":".pic-text&&Text",
    //分类片单链接补前缀  
    "cat_prefix": "https://www.789ba.com",
    //分类片单链接补后缀
    "cat_suffix": "",
    
    //搜索请求头参数,不填则默认okhttp/3.12.11，可填MOBILE_UA或PC_UA使用内置的手机版或电脑版UA
    //多个请求头参数写法示例，键名$键值，每一组用#分开。"User-Agent$PC_UA#Referer$http://ww.baidu.com#Cookie$ser=ok"。
    "SHeaders":"User-Agent$MOBILE_UA",
    //搜索链接，搜索关键字用{wd}表示，post请求的最后面加;post
    //POST链接示例 http://www.lezhutv.com/index.php?m=vod-search;post
    "search_url": "https://www.789ba.com/index.php/ajax/suggest?mid=1&wd={wd}&limit=50",
    //POST搜索body，填写搜索关键字的键值，一般常见的是searchword和wd，不是POST搜索的可留空或删除。
    "sea_PtBody":"wd={wd}&search=",
    
    //搜索截取模式,0为json搜索，只支持列表在list数组里的，其它数字为网页截取。
    "search_mode": "0",
    //搜索列表数组定位，不填默认内置list，最多支持3层，能力有限，不是所有页面都能支持。
    "sea_arr_rule": "list",
    //搜索片单信息jsoup与xb截取写法切换，只作用于html网页，1为jsoup写法(默认)，0为xb写法
    "sea_is_jsoup":"1",
    //搜索片单图片，支持自定义图片链接
    "sea_pic": "pic",
    //搜索片单标题
    "sea_title": "name",
    //搜索片单链接
    "sea_url": "id",
    //搜索片单副标题
    "sea_subtitle":".module-item-text&&Text",
    //搜索片单链接补前缀
    "search_prefix": "https://www.789ba.com/vod/",
    //搜索片单链接补后缀，这个一般json搜索的需要
    "search_suffix": "",
    
    //片单链接是否直接播放，0否，1分类片单链接直接播放，2详情选集链接直接播放。
    //设置成直接播放后，后面3个参数请注意该留空的请务必留空。
    "force_play": "0",
    //直接播放链接补前缀
    "play_prefix": "https://live.52sf.ga/huya/",
    //直接播放链接补后缀，设置为#isVideo=true#可强制识别为视频链接
    "play_suffix": "#isVideo=true#",
    //直接播放链接设置请求头，只对直链视频有效，每一组用#分开
    "play_header": "authority$ku.peizq.online#Referer$https://play.peizq.online",
    
    //项目信息jsoup与xb截取写法切换，1为jsoup写法(默认)，0为xb写法
    "proj_is_jsoup":"1",
    //类型数据，截取前缀&&截取后缀
    "proj_cate": ".data&&Text!类型：",
    //年代数据，截取前缀&&截取后缀
    "proj_year": ".data,1&&Text!年代：",
    //地区数据，截取前缀&&截取后缀
    "proj_area": "",
    //演员数据，截取前缀&&截取后缀
    "proj_actor": ".data,1&&Text!主演：",
    //简介内容，截取前缀&&截取后缀
    "proj_plot": ".desc.hidden-xs&&Text!简介：",
    
    //线路截取区域，如果不需要请把tab_title或tab_arr_rule置空或者全部不要填。
    //线路截取数组
    "tab_arr_rule": "body&&.stui-pannel__head",
    //线路标题，截取前缀&&截取后缀
    "tab_title": "h3&&Text",
    
    //列表数组截取，必须
    "list_arr_rule": "body&&.stui-content__playlist",
    //集数数组截取，必须
    "epi_arr_rule": "li",
    //集数标题，截取前缀&&截取后缀
    "epi_title": "a&&Text",
    //集数链接，截取前缀&&截取后缀
    "epi_url": "a&&href",
    //选集是否反转显示
    "epi_reverse": "0",
    //集数链接补前缀
    "epiurl_prefix": "https://www.789ba.com",
    //集数链接补后缀
    "epiurl_suffix": "",
    
    //下面几个参数请勿乱用。否则可能会有副作用。
    //分析网页源码中有<script type="text/javascript">var player_aaaa={"flag":"play","encrypt这种源码的链接解析
    //如果网页源码里没有这种请设置为0
    "Anal_MacPlayer":"0",
    //是否开启手动嗅探，只对网页嗅探有效，0否，1是
    "ManualSniffer":"0",
    //手动嗅探视频链接关键字，每个用#隔开
    "VideoFormat":".mp4#.m3u8#.flv",
    //手动嗅探视频链接过滤关键词,每个用#隔开
    "VideoFilter":".html#=http#?http"
}
