{
    "规则名": "https://auete.org/Movie/index2.html",
    "规则作者": "sm",
    "请求头参数": "手机",
    "网页编码格式": "UTF-8",
    "图片是否需要代理": "0",
    "是否开启获取首页数据": "1",
    "首页推荐链接": "https://auete.org",
    "首页列表数组规则": "body&&.threadlist",
    "首页片单列表数组规则": "li",
    "首页片单是否Jsoup写法": "1",
    "首页片单标题": "img&&alt",
    "首页片单链接": "a&&href",
    "首页片单图片": "img&&src",
    "首页片单副标题": ".hdtag&&Text",
    "首页片单链接加前缀": "https://auete.org",
    "首页片单链接加后缀": "",
    "分类起始页码": "1",
    "分类链接": " https://auete.org/{cateId}/index{catePg}.html[firstPage=https://auete.org/{cateId}/index.html]",
    "分类名称": "电影&电视剧&综艺&动漫&其他&音乐",
    "分类名称替换词": "Movie&Tv&Zy&Dm&qita&Music",
    "筛选数据": "{}",
    //"筛选子分类名称": "动作片&喜剧片&爱情片&科幻片&恐怖片&剧情片&战争片&纪录片||国产剧&港台剧&日韩剧&欧美剧",
    //"筛选子分类替换词": "dongzuopian&xijupian&aiqingpian&kehuanpian&kongbupian&juqingpian&zhanzhengpian&jilupian||guochanju&gangtaiju&rihanju&oumeiju",
    
    "分类截取模式": "1",
    "分类列表数组规则": ".row&&.trans_3",
    "分类片单是否Jsoup写法": "1",
    "分类片单标题": "h2&&a&&title",
    "分类片单链接": "h2&&a&&href",
    "分类片单图片": "li&&img&&src",
    "分类片单副标题": "",
    "分类片单链接加前缀": "https://auete.org",
    "分类片单链接加后缀": "",
    "搜索请求头参数": "User-Agent$MOBILE_UA",
    "搜索链接": "https://auete.org/search.php?searchword={wd}",
    "POST请求数据": "",
    "搜索截取模式": "1",
    "搜索列表数组规则": ".list-unstyled&&li",
    "搜索片单是否Jsoup写法": "1",
    "搜索片单图片": "li&&img&&src",
    "搜索片单标题": ".text-danger&&Text",
    "搜索片单链接": "a&&href",
    "搜索片单副标题": ".text-grey&&Text",
    "搜索片单链接加前缀": "https://auete.org",
    "搜索片单链接加后缀": "",
    "链接是否直接播放": "0",
    "直接播放链接加前缀": "https://live.52sf.ga/huya/",
    "直接播放链接加后缀": "#isVideo=true#",
    "直接播放直链视频请求头": "authority$ku.peizq.online#Referer$https://play.peizq.online",
    "详情是否Jsoup写法": "0",
    "类型详情": "◎影片分类: &&</p>",
    "年代详情": "◎上映年份: &&</p>",
    "地区详情": "◎影片地区: &&</p>",
    "演员详情": "◎影片主演: &&</p>",
    "简介详情": "<meta property=\"og:description\" content=\"&&\"",
    "线路列表数组规则": "body&&h2",
    "线路标题": "Text",
    "播放列表数组规则": "body&&#player_list",
    "选集列表数组规则": "li",
    "选集标题链接是否Jsoup写法": "1",
    "选集标题": "a&&title",
    "选集链接": "a&&href",
    "是否反转选集序列": "0",
    "选集链接加前缀": "https://auete.org",
    "选集链接加后缀": "",
    "分析MacPlayer": "0",
    "是否开启手动嗅探": "1",
    "手动嗅探视频链接关键词": ".mp4#.m3u8#.flv",
    "手动嗅探视频链接过滤词": ".html#=http"
}