{
    "规则名": "https://imaxw.com/vodshow/dianying-----------.html",
    "规则作者": "sm",
    "请求头参数": "",
    "网页编码格式": "UTF-8",
    "图片是否需要代理": "0",
    "是否开启获取首页数据": "1",
    "首页推荐链接": "https://imaxw.com",
    "首页列表数组规则": "body&&div.container",
    "首页片单列表数组规则": "div.col-4",
    "首页片单是否Jsoup写法": "1",
    "首页片单标题": "a&&title",
    //首页推荐片单链接
    "首页片单链接": "a&&href",
    //首页推荐片单图片，支持自定义图片链接
    "首页片单图片": "a&&img&&data-src",
    //首页推荐片单副标题
    "首页片单副标题":".text-muted&&Text",
    //首页推荐片单链接补前缀  
    "首页片单链接加前缀": "https://imaxw.com",
    //首页推荐片单链接补后缀
    "首页片单链接加后缀": "",
    
    "分类起始页码": "1",
    "分类链接": "https://imaxw.com/vodshow/{cateId}--------{catePg}---.html",
    "分类名称": "电影&连续剧&综艺&动漫",
    "分类名称替换词": "dianying&lianxuju&zongyi&dongman",
    "筛选数据": {},
    //"筛选数据": "ext",
    //{cateId}
    "筛选子分类名称": "",
    "筛选子分类替换词": "",
    //{class}
    "筛选类型名称": "",
    "筛选类型替换词": "*",
    //{area}
    "筛选地区名称": "",
    "筛选地区替换词": "*",
    //{year}
    "筛选年份名称": "",
    "筛选年份替换词": "*",
    //{lang}
    "筛选语言名称": "",
    "筛选语言替换词": "*",
    //{by}
    "筛选排序名称": "时间&人气&评分",
    "筛选排序替换词": "time&hits&score",
    "分类截取模式": "1",
    "分类列表数组规则": "body&&.col-lg-8.col-4",
    "分类片单是否Jsoup写法": "1",
    "分类片单标题": "h3&&.mb-0.card-title&&Text",
    "分类片单链接": "a&&href",
    "分类片单图片": "a&&img&&src",
    "分类片单副标题": ".mb-0.text-muted&&Text",
    "分类片单链接加前缀": "https://imaxw.com",
    "分类片单链接加后缀": "",
    "搜索请求头参数": "User-Agent$PC_UA",
    "搜索链接": "https://imaxw.com/index.php/ajax/suggest.html?mid=1&wd={wd}",
    "POST请求数据": "",
    "搜索截取模式": "0",
    "搜索列表数组规则": "list",
    "搜索片单是否Jsoup写法": "1",
    "搜索片单图片": "pic",
    "搜索片单标题": "name",
    "搜索片单链接": "id",
    "搜索片单副标题": "",
    "搜索片单链接加前缀": "https://imaxw.com/voddetail/",
    "搜索片单链接加后缀": ".html",
    "链接是否直接播放": "0",
    "直接播放链接加前缀": "",
    "直接播放链接加后缀": "#isVideo=true#",
    "直接播放直链视频请求头": "",
    "详情是否Jsoup写法": "0",
    "类型详情": "",
    "年代详情": "",
    "地区详情": "",
    "演员详情": "主演：</strong>&&</p>",
    "简介详情": "class=\"card-body\">&&</p>",
    "线路列表数组规则": "ul.nav&&li",
    "线路标题": "font&&Text",
    "播放列表数组规则": "body&&.card-body.scroll-x.play-list",
    "选集列表数组规则": "a",
    "选集标题链接是否Jsoup写法": "1",
    "选集标题": "a&&Text",
    "选集链接": "a&&href",
    "是否反转选集序列": "0",
    "选集链接加前缀": "https://imaxw.com",
    "选集链接加后缀": "",
    "分析MacPlayer": "0",
    "是否开启手动嗅探": "1",
    "手动嗅探视频链接关键词": ".m3u8",
    "手动嗅探视频链接过滤词": ".html#=http#&jump="
}