{
    "title": "hdmoli",
    "author": "tx",
    //"Headers": "MOBILE_UA",
    "请求头参数": "User-Agent$Mozilla/5.0 (Linux; Android 12; V2049A Build/SP1A.210812.003; wv) AppleWebKit/537.36 (KHTML, like Gecko) Version/4.0 Chrome/105.0.5195.79 Mobile Safari/537.36#referer$https://www.hdmoli.com#Cookie$PHPSESSID=q10vb1rg0jh3pr7ll081tcd353; cf_chl_2=805313d35eec581; cf_chl_prog=x14; cf_clearance=411uDbLFIFEqab1WFvbFGSbydntEmcFTYj2DjKiUChY-1664512913-0-150",
    
    "Coding_format": "UTF-8",
    "PicNeedProxy":"0",
    "homeContent":"1",
    "firstpage": "1",
    "class_url": "https://www.hdmoli.com/mlist/{cateId}-{area}-{by}-{class}-----{catePg}---{year}.html",
    "class_name": "电影&剧集&动画",
    "class_value": "index1&index2&index41",
    "filterdata": {},
    "cat_mode": "1",
    "cat_arr_rule": ".myui-vodlist.clearfix&&li",
    "cat_is_jsoup": "1",
    "cat_title": "a&&title",
    "cat_url": "a&&href",
    "cat_pic": ".lazyload&&data-original",
    "cat_subtitle": ".pic-text.text-right&&Text",
    "cat_prefix": "https://www.hdmoli.com",
    "cat_suffix": "",
    "SHeaders": "User-Agent$MOBILE_UA",
    "search_url": "https://www.hdmoli.com/index.php/ajax/suggest?mid=1&wd={wd}",
    "sea_PtBody": "",
    "search_mode": "0",
    "sea_arr_rule": ".list",
    "sea_is_jsoup": "1",
    "sea_pic": "pic",
    "sea_title": "name",
    "sea_url": "id",
    "sea_subtitle": "",
    "search_prefix": "https://www.hdmoli.com/movie/",
    "search_suffix": ".html",
    "force_play": "0",
    "play_prefix": "https://live.52sf.ga/huya/",
    "play_suffix": "#isVideo=true#",
    "play_header": "authority$ku.peizq.online#Referer$https://play.peizq.online",
    "proj_is_jsoup": "0",
    "proj_cate": "",
    "proj_year": "",
    "proj_area": "地区：</span>&&</a>&nbsp;&nbsp;",
    "proj_actor": "演员：</span>&&</a>&nbsp;&nbsp;",
    "proj_plot": "简介：</span>&&</p>",
    "tab_arr_rule": ".nav.nav-tabs.active&&li",
    "tab_title": "Text",
    "list_arr_rule": "body&&.myui-content__list.sort-list",
    "epi_arr_rule": "a",
    "epi_is_jsoup":"1",
    "epi_title": "a&&Text",
    "epi_url": "a&&href",
    "epi_reverse": "0",
    "epiurl_prefix": "https://www.hdmoli.com",
    "epiurl_suffix": "",
    "Anal_MacPlayer": "1",
    "ManualSniffer": "1",
    "VideoFormat": ".mp4#.m3u8#.flv",
    "VideoFilter": ".html#=http"
}
