{
    //规则名
    "title": "https://yanetflix.com/",
    //作者
    "author": "sm",
    //请求头UA,键名$键值，每一组用#分开，不填则默认okhttp/3.12.11，可填MOBILE_UA或PC_UA使用内置的手机版或电脑版UA
    //多个请求头参数写法示例，"User-Agent$PC_UA#Referer$http://ww.baidu.com#Cookie$ser=ok",每一组用#分开。
    //习惯查看手机源码写建议用手机版UA，习惯查看PC版源码写建议用电脑版UA
    "Headers":"MOBILE_UA",
    //图片是否需要代理
    "PicNeedProxy":"0",
    //是否开启获取首页数据，0关闭，1开启
    "homeContent":"1",
    //首页推荐数据获取链接
    "rcmed_url": "https://netflixya.com",
    //首页列表数组截取。
    "home_arr_rule": "body&&.module-items",
    //首页片单列表数组定位。
    "hmepi_arr_rule": ".module-item",
    //首页片单信息jsoup与正则截取写法切换，只作用于html网页，1为jsoup写法(默认)，0为正则截取写法
    "home_is_jsoup":"1",
    
    //分类链接起始页码,禁止负数和含小数点。
    "firstpage": "1",
    //分类链接,{cateId}是分类，{catePg}是页码,第一页没有页码的可以这样写 第二页链接[firstPage=第一页的链接]
    //https://netflixya.com/vodshow/{cateId}--------{catePg}---.html
    "class_url": "https://netflixya.com/vodshow/{cateId}-{area}-{by}-{class}-{lang}----{catePg}---{year}.html",
    //分类名，分类1&分类2&分类3
    "class_name": "电影&电视剧&动漫&综艺",
    //分类名替换词，替换词1&替换词2&替换词3，替换词包含英文&的用两个中文＆＆代替，示例：＆＆id=0&＆＆id=1
    "class_value": "1&2&4&3",
    //筛选数据，json格式，参考xpath的筛选写法
   // "filterdata":{},
    "筛选数据": "ext",
    //{cateId}
    "筛选子分类名称": "",
    "筛选子分类替换词": "*",
    //{class}
    "筛选类型名称": "喜剧&爱情&恐怖&动作&科幻&剧情&战争&警匪&犯罪&动画&奇幻&武侠&冒险&枪战&恐怖&悬疑&惊悚&经典&青春&文艺&微电影&古装&历史&运动&农村&儿童&网络电影||古装&战争&青春偶像&喜剧&家庭&犯罪&动作&奇幻&剧情&历史&经典&乡村&情景&商战&网剧&其他||选秀&情感&访谈&播报&旅游&音乐&美食&纪实&曲艺&生活&游戏互动&财经&求职||",
    "筛选类型替换词": "*",
    //{area}
    "筛选地区名称": "大陆&香港&台湾&美国&法国&英国&日本&韩国&德国&泰国&印度&意大利&西班牙&加拿大&其他||内地&韩国&香港&台湾&日本&美国&泰国&英国&新加坡&其他||内地&港台&日韩&欧美||",
    "筛选地区替换词": "*",
    //{year}
    "筛选年份名称": "2022&2021&2020&2019&2018&2017&2016&2015&2014&2013&2012&2011&2010&2009&2008&2007&2006&2005&2004",
    "筛选年份替换词": "*",
    //{lang}
    "筛选语言名称": "国语&英语&粤语&闽南语&韩语&日语&法语&德语&其它||国语&英语&粤语&闽南语&韩语&日语&其它||国语&英语&粤语&闽南语&韩语&日语&其它||",
    "筛选语言替换词": "*",
    //{by}
    "筛选排序名称": "最新排序&人气排序&评分排序",
    "筛选排序替换词": "time&hits&score",
    //分类页面截取数据模式，0为json，其它数字为普通网页。
    "cat_mode": "1",
    //分类列表数组定位，最多支持3层，能力有限，不是所有页面都能支持
    "cat_arr_rule": ".module&&a:has(.module-item-pic)",
    //分类片单信息jsoup与xb截取写法切换，只作用于html网页，1为jsoup写法(默认)，0为xb写法
    "cat_is_jsoup":"1",
    //分类片单标题
    "cat_title": "a&&title",
    //分类片单链接
    "cat_url": "a&&href",
    //分类片单图片，支持自定义图片链接
    "cat_pic": ".lazy&&data-original",
    //分类片单副标题
    "cat_subtitle":".module-item-note&&Text",
    //分类片单链接补前缀  
    "cat_prefix": "https://netflixya.com",
    //分类片单链接补后缀
    "cat_suffix": "",
    
    //搜索请求头参数,不填则默认okhttp/3.12.11，可填MOBILE_UA或PC_UA使用内置的手机版或电脑版UA
    //多个请求头参数写法示例，键名$键值，每一组用#分开。"User-Agent$PC_UA#Referer$http://ww.baidu.com#Cookie$ser=ok"。
    "SHeaders":"User-Agent$PC_UA",
    //搜索链接，搜索关键字用{wd}表示，post请求的最后面加;post
    //POST链接示例 http://www.lezhutv.com/index.php?m=vod-search;post
    "search_url": "https://netflixya.com/index.php/ajax/suggest?mid=1&wd={wd}&limit=50",
    //POST搜索body，填写搜索关键字的键值，一般常见的是searchword和wd，不是POST搜索的可留空或删除。
    "sea_PtBody":"wd={wd}&search=",
    
    //搜索截取模式,0为json搜索，只支持列表在list数组里的，其它数字为网页截取。
    "search_mode": "0",
    //搜索列表数组定位，不填默认内置list，最多支持3层，能力有限，不是所有页面都能支持。
    "sea_arr_rule": "list",
    //搜索片单信息jsoup与xb截取写法切换，只作用于html网页，1为jsoup写法(默认)，0为xb写法
    "sea_is_jsoup":"1",
    //搜索片单图片，支持自定义图片链接
    "sea_pic": "pic",
    //搜索片单标题
    "sea_title": "name",
    //搜索片单链接
    "sea_url": "id",
    //搜索片单副标题
    "sea_subtitle":"",
    //搜索片单链接补前缀
    "search_prefix": "https://netflixya.com/voddetail/",
    //搜索片单链接补后缀，这个一般json搜索的需要
    "search_suffix": ".html",
    
    //片单链接是否直接播放，0否，1分类片单链接直接播放，2详情选集链接直接播放。
    //设置成直接播放后，后面3个参数请注意该留空的请务必留空。
    "force_play": "0",
    //直接播放链接补前缀
    "play_prefix": "https://live.52sf.ga/huya/",
    //直接播放链接补后缀，设置为#isVideo=true#可强制识别为视频链接
    "play_suffix": "#isVideo=true#",
    //直接播放链接设置请求头，只对直链视频有效，每一组用#分开
    "play_header": "authority$ku.peizq.online#Referer$https://play.peizq.online",
    
    //项目信息jsoup与xb截取写法切换，1为jsoup写法(默认)，0为xb写法
    "proj_is_jsoup":"0",
    //类型数据，截取前缀&&截取后缀
    "proj_cate": "",
    //年代数据，截取前缀&&截取后缀
    "proj_year": "",
    //地区数据，截取前缀&&截取后缀
    "proj_area": "",
    //演员数据，截取前缀&&截取后缀
    "proj_actor": "主演：</span>&&</div>",
    //简介内容，截取前缀&&截取后缀
    "proj_plot": "class=\"module-blocklist scroll-box scroll-box-y module-player-list&&</div>",
    
    //线路截取区域，如果不需要请把tab_title或tab_arr_rule置空或者全部不要填。
    //线路截取数组
    "tab_arr_rule": ".module-tab-items-box&&div",
    //线路标题，截取前缀&&截取后缀
    "tab_title": "span&&Text",
    
    //列表数组截取，必须
    "list_arr_rule": "body&&.module-list",
    //集数数组截取，必须
    "epi_arr_rule": "a",
    //集数标题，截取前缀&&截取后缀
    "epi_title": "a&&Text",
    //集数链接，截取前缀&&截取后缀
    "epi_url": "a&&href",
    //选集是否反转显示
    "epi_reverse": "0",
    //集数链接补前缀
    "epiurl_prefix": "https://netflixya.com",
    //集数链接补后缀
    "epiurl_suffix": "",
    
    //下面几个参数请勿乱用。否则可能会有副作用。
    //分析网页源码中有<script type="text/javascript">var player_aaaa={"flag":"play","encrypt这种源码的链接解析
    //如果网页源码里没有这种请设置为0
    "Anal_MacPlayer":"2",
    //是否开启手动嗅探，只对网页嗅探有效，0否，1是
    "ManualSniffer":"1",
    //手动嗅探视频链接关键字，每个用#隔开
    "VideoFormat":".m3u8#.mp4#.flv",
    //手动嗅探视频链接过滤关键词,每个用#隔开
    "VideoFilter":".html#=http"
}

