{ "classes": [ { "type_name": "1年级语文", "type_id": "1年级语文" }, { "type_name": "1年级数学", "type_id": "1年级数学" }, { "type_name": "1年级英语", "type_id": "1年级英语" }, { "type_name": "2年级语文", "type_id": "2年级语文" }, { "type_name": "2年级数学", "type_id": "2年级数学" }, { "type_name": "2年级英语", "type_id": "2年级英语" }, { "type_name": "3年级语文", "type_id": "3年级语文" }, { "type_name": "3年级数学", "type_id": "3年级数学" }, { "type_name": "3年级英语", "type_id": "3年级英语" }, { "type_name": "4年级语文", "type_id": "4年级语文" }, { "type_name": "4年级数学", "type_id": "4年级数学" }, { "type_name": "4年级英语", "type_id": "4年级英语" }, { "type_name": "5年级语文", "type_id": "5年级语文" }, { "type_name": "5年级数学", "type_id": "5年级数学" }, { "type_name": "5年级英语", "type_id": "5年级英语" }, { "type_name": "6年级语文", "type_id": "6年级语文" }, { "type_name": "6年级数学", "type_id": "6年级数学" }, { "type_name": "6年级英语", "type_id": "6年级英语" } ], 
 "filter": { 
"1年级语文": [ { "key": "tid", "name": "分类", "value": [ { "n": "全部", "v": "0" }, { "n": "沪教版", "v": "沪教版1年级语文" }, { "n": "人教版", "v": "人教版1年级语文" }, { "n": "北师大版", "v": "北师大版1年级语文" }, { "n": "苏教版", "v": "苏教版1年级语文" },{ "n": "冀教版", "v": "冀教版1年级语文" } ] },
 { "key": "duration", "name": "时长", "value": [ { "n": "全部", "v": "0" }, { "n": "60分钟以上", "v": "4" }, { "n": "30~60分钟", "v": "3" }, { "n": "10~30分钟", "v": "2" }, { "n": "10分钟以下", "v": "1" } ] } ], 
"1年级英语": [ { "key": "tid", "name": "分类", "value": [ { "n": "全部", "v": "0" }, { "n": "沪教版", "v": "沪教版1年级英语" }, { "n": "人教版", "v": "人教版1年级英语" }, { "n": "北师大版", "v": "北师大版1年级英语" }, { "n": "苏教版", "v": "苏教版1年级英语" },{ "n": "冀教版", "v": "冀教版1年级英语" }] }, 
{ "key": "duration", "name": "时长", "value": [ { "n": "全部", "v": "0" }, { "n": "60分钟以上", "v": "4" }, { "n": "30~60分钟", "v": "3" }, { "n": "10~30分钟", "v": "2" }, { "n": "10分钟以下", "v": "1" } ] } ], 
"1年级数学": [ { "key": "tid", "name": "分类", "value": [ { "n": "全部", "v": "0" }, { "n": "沪教版", "v": "沪教版1年级数学" }, { "n": "人教版", "v": "人教版1年级数学" }, { "n": "北师大版", "v": "北师大版1年级数学" }, { "n": "苏教版", "v": "苏教版1年级数学" },{ "n": "冀教版", "v": "冀教版1年级数学" } ] }, 
{ "key": "duration", "name": "时长", "value": [ { "n": "全部", "v": "0" }, { "n": "60分钟以上", "v": "4" }, { "n": "30~60分钟", "v": "3" }, { "n": "10~30分钟", "v": "2" }, { "n": "10分钟以下", "v": "1" } ] } ], 
"2年级语文": [ { "key": "tid", "name": "分类", "value": [ { "n": "全部", "v": "0" }, { "n": "沪教版", "v": "沪教版2年级语文" }, { "n": "人教版", "v": "人教版2年级语文" }, { "n": "北师大版", "v": "北师大版2年级语文" }, { "n": "苏教版", "v": "苏教版2年级语文" },{ "n": "冀教版", "v": "冀教版2年级语文" } ] }, 
{ "key": "duration", "name": "时长", "value": [ { "n": "全部", "v": "0" }, { "n": "60分钟以上", "v": "4" }, { "n": "30~60分钟", "v": "3" }, { "n": "10~30分钟", "v": "2" }, { "n": "10分钟以下", "v": "1" } ] } ], 
"2年级英语": [ { "key": "tid", "name": "分类", "value": [ { "n": "全部", "v": "0" }, { "n": "沪教版", "v": "沪教版2年级英语" }, { "n": "人教版", "v": "人教版2年级英语" }, { "n": "北师大版", "v": "北师大版2年级英语" }, { "n": "苏教版", "v": "苏教版2年级英语" }, { "n": "冀教版", "v": "冀教版2年级英语" } ] }, 
{ "key": "duration", "name": "时长", "value": [ { "n": "全部", "v": "0" }, { "n": "60分钟以上", "v": "4" }, { "n": "30~60分钟", "v": "3" }, { "n": "10~30分钟", "v": "2" }, { "n": "10分钟以下", "v": "1" } ] } ], 
"2年级数学": [ { "key": "tid", "name": "分类", "value": [ { "n": "全部", "v": "0" }, { "n": "沪教版", "v": "沪教版2年级数学" }, { "n": "人教版", "v": "人教版2年级数学" }, { "n": "北师大版", "v": "北师大版2年级数学" }, { "n": "苏教版", "v": "苏教版2年级数学" }, { "n": "冀教版", "v": "冀教版2年级数学" } ] }, 
{ "key": "duration", "name": "时长", "value": [ { "n": "全部", "v": "0" }, { "n": "60分钟以上", "v": "4" }, { "n": "30~60分钟", "v": "3" }, { "n": "10~30分钟", "v": "2" }, { "n": "10分钟以下", "v": "1" } ] } ], 
"3年级语文": [ { "key": "tid", "name": "分类", "value": [ { "n": "全部", "v": "0" }, { "n": "沪教版", "v": "沪教版3年级语文" }, { "n": "人教版", "v": "人教版3年级语文" }, { "n": "北师大版", "v": "北师大版3年级语文" }, { "n": "苏教版", "v": "苏教版3年级语文" },{ "n": "冀教版", "v": "冀教版3年级语文" } ] }, 
{ "key": "duration", "name": "时长", "value": [ { "n": "全部", "v": "0" }, { "n": "60分钟以上", "v": "4" }, { "n": "30~60分钟", "v": "3" }, { "n": "10~30分钟", "v": "2" }, { "n": "10分钟以下", "v": "1" } ] } ], 
"3年级英语": [ { "key": "tid", "name": "分类", "value": [ { "n": "全部", "v": "0" }, { "n": "沪教版", "v": "沪教版3年级英语" }, { "n": "人教版", "v": "人教版3年级英语" }, { "n": "北师大版", "v": "北师大版3年级英语" }, { "n": "苏教版", "v": "苏教版3年级英语" }, { "n": "冀教版", "v": "冀教版3年级英语" } ] }, 
{ "key": "duration", "name": "时长", "value": [ { "n": "全部", "v": "0" }, { "n": "60分钟以上", "v": "4" }, { "n": "30~60分钟", "v": "3" }, { "n": "10~30分钟", "v": "2" }, { "n": "10分钟以下", "v": "1" } ] } ], 
"3年级数学": [ { "key": "tid", "name": "分类", "value": [ { "n": "全部", "v": "0" }, { "n": "沪教版", "v": "沪教版3年级数学" }, { "n": "人教版", "v": "人教版3年级数学" }, { "n": "北师大版", "v": "北师大版3年级数学" }, { "n": "苏教版", "v": "苏教版3年级数学" }, { "n": "冀教版", "v": "冀教版3年级数学" } ] }, 
{ "key": "duration", "name": "时长", "value": [ { "n": "全部", "v": "0" }, { "n": "60分钟以上", "v": "4" }, { "n": "30~60分钟", "v": "3" }, { "n": "10~30分钟", "v": "2" }, { "n": "10分钟以下", "v": "1" } ] } ], 
"4年级语文": [ { "key": "tid", "name": "分类", "value": [ { "n": "全部", "v": "0" }, { "n": "沪教版", "v": "沪教版4年级语文" }, { "n": "人教版", "v": "人教版4年级语文" }, { "n": "北师大版", "v": "北师大版4年级语文" }, { "n": "苏教版", "v": "苏教版4年级语文" }, { "n": "冀教版", "v": "冀教版4年级语文" } ] }, 
{ "key": "duration", "name": "时长", "value": [ { "n": "全部", "v": "0" }, { "n": "60分钟以上", "v": "4" }, { "n": "30~60分钟", "v": "3" }, { "n": "10~30分钟", "v": "2" }, { "n": "10分钟以下", "v": "1" } ] } ], 
"4年级英语": [ { "key": "tid", "name": "分类", "value": [ { "n": "全部", "v": "0" }, { "n": "沪教版", "v": "沪教版4年级英语" }, { "n": "人教版", "v": "人教版4年级英语" }, { "n": "北师大版", "v": "北师大版4年级英语" }, { "n": "苏教版", "v": "苏教版4年级英语" }, { "n": "冀教版", "v": "冀教版4年级英语" } ] }, 
{ "key": "duration", "name": "时长", "value": [ { "n": "全部", "v": "0" }, { "n": "60分钟以上", "v": "4" }, { "n": "30~60分钟", "v": "3" }, { "n": "10~30分钟", "v": "2" }, { "n": "10分钟以下", "v": "1" } ] } ], 
"4年级数学": [ { "key": "tid", "name": "分类", "value": [ { "n": "全部", "v": "0" }, { "n": "沪教版", "v": "沪教版4年级数学" }, { "n": "人教版", "v": "人教版4年级数学" }, { "n": "北师大版", "v": "北师大版4年级数学" }, { "n": "苏教版", "v": "苏教版4年级数学" }, { "n": "冀教版", "v": "冀教版4年级数学" } ] }, 
{ "key": "duration", "name": "时长", "value": [ { "n": "全部", "v": "0" }, { "n": "60分钟以上", "v": "4" }, { "n": "30~60分钟", "v": "3" }, { "n": "10~30分钟", "v": "2" }, { "n": "10分钟以下", "v": "1" } ] } ], 
"5年级语文": [ { "key": "tid", "name": "分类", "value": [ { "n": "全部", "v": "0" }, { "n": "沪教版", "v": "沪教版5年级语文" }, { "n": "人教版", "v": "人教版5年级语文" }, { "n": "北师大版", "v": "北师大版5年级语文" }, { "n": "苏教版", "v": "苏教版5年级语文" }, { "n": "冀教版", "v": "冀教版5年级语文" } ] }, 
{ "key": "duration", "name": "时长", "value": [ { "n": "全部", "v": "0" }, { "n": "60分钟以上", "v": "4" }, { "n": "30~60分钟", "v": "3" }, { "n": "10~30分钟", "v": "2" }, { "n": "10分钟以下", "v": "1" } ] } ], 
"5年级英语": [ { "key": "tid", "name": "分类", "value": [ { "n": "全部", "v": "0" }, { "n": "沪教版", "v": "沪教版5年级英语" }, { "n": "人教版", "v": "人教版5年级英语" }, { "n": "北师大版", "v": "北师大版5年级英语" }, { "n": "苏教版", "v": "苏教版5年级英语" }, { "n": "冀教版", "v": "冀教版5年级英语" } ] }, 
{ "key": "duration", "name": "时长", "value": [ { "n": "全部", "v": "0" }, { "n": "60分钟以上", "v": "4" }, { "n": "30~60分钟", "v": "3" }, { "n": "10~30分钟", "v": "2" }, { "n": "10分钟以下", "v": "1" } ] } ], 
"5年级数学": [ { "key": "tid", "name": "分类", "value": [ { "n": "全部", "v": "0" }, { "n": "沪教版", "v": "沪教版5年级数学" }, { "n": "人教版", "v": "人教版5年级数学" }, { "n": "北师大版", "v": "北师大版5年级数学" }, { "n": "苏教版", "v": "苏教版5年级数学" }, { "n": "冀教版", "v": "冀教版5年级数学" } ] }, 
{ "key": "duration", "name": "时长", "value": [ { "n": "全部", "v": "0" }, { "n": "60分钟以上", "v": "4" }, { "n": "30~60分钟", "v": "3" }, { "n": "10~30分钟", "v": "2" }, { "n": "10分钟以下", "v": "1" } ] } ], 
"6年级语文": [ { "key": "tid", "name": "分类", "value": [ { "n": "全部", "v": "0" }, { "n": "沪教版", "v": "沪教版6年级语文" }, { "n": "人教版", "v": "人教版6年级语文" }, { "n": "北师大版", "v": "北师大版6年级语文" }, { "n": "苏教版", "v": "苏教版6年级语文" }, { "n": "冀教版", "v": "冀教版6年级语文" } ] }, 
{ "key": "duration", "name": "时长", "value": [ { "n": "全部", "v": "0" }, { "n": "60分钟以上", "v": "4" }, { "n": "30~60分钟", "v": "3" }, { "n": "10~30分钟", "v": "2" }, { "n": "10分钟以下", "v": "1" } ] } ], 
"6年级英语": [ { "key": "tid", "name": "分类", "value": [ { "n": "全部", "v": "0" }, { "n": "沪教版", "v": "沪教版6年级英语" }, { "n": "人教版", "v": "人教版6年级英语" }, { "n": "北师大版", "v": "北师大版6年级英语" }, { "n": "苏教版", "v": "苏教版6年级英语" }, { "n": "冀教版", "v": "冀教版6年级英语" } ] }, 
{ "key": "duration", "name": "时长", "value": [ { "n": "全部", "v": "0" }, { "n": "60分钟以上", "v": "4" }, { "n": "30~60分钟", "v": "3" }, { "n": "10~30分钟", "v": "2" }, { "n": "10分钟以下", "v": "1" } ] } ], 
"6年级数学": [ { "key": "tid", "name": "分类", "value": [ { "n": "全部", "v": "0" }, { "n": "沪教版", "v": "沪教版6年级数学" }, { "n": "人教版", "v": "人教版6年级数学" }, { "n": "北师大版", "v": "北师大版6年级数学" }, { "n": "苏教版", "v": "苏教版6年级数学" }, { "n": "冀教版", "v": "冀教版6年级数学" } ] }, 
{ "key": "duration", "name": "时长", "value": [ { "n": "全部", "v": "0" }, { "n": "60分钟以上", "v": "4" }, { "n": "30~60分钟", "v": "3" }, { "n": "10~30分钟", "v": "2" }, { "n": "10分钟以下", "v": "1" } ] } ], 
"7年级语文": [ { "key": "tid", "name": "分类", "value": [ { "n": "全部", "v": "0" }, { "n": "沪教版", "v": "沪教版7年级语文" }, { "n": "人教版", "v": "人教版7年级语文" }, { "n": "北师大版", "v": "北师大版7年级语文" }, { "n": "苏教版", "v": "苏教版7年级语文" }, { "n": "冀教版", "v": "冀教版7年级语文" } ] }, 
{ "key": "duration", "name": "时长", "value": [ { "n": "全部", "v": "0" }, { "n": "60分钟以上", "v": "4" }, { "n": "30~60分钟", "v": "3" }, { "n": "10~30分钟", "v": "2" }, { "n": "10分钟以下", "v": "1" } ] } ], 
"7年级英语": [ { "key": "tid", "name": "分类", "value": [ { "n": "全部", "v": "0" }, { "n": "沪教版", "v": "沪教版7年级英语" }, { "n": "人教版", "v": "人教版7年级英语" }, { "n": "北师大版", "v": "北师大版7年级英语" }, { "n": "苏教版", "v": "苏教版7年级英语" }, { "n": "冀教版", "v": "冀教版7年级英语" } ] }, 
{ "key": "duration", "name": "时长", "value": [ { "n": "全部", "v": "0" }, { "n": "60分钟以上", "v": "4" }, { "n": "30~60分钟", "v": "3" }, { "n": "10~30分钟", "v": "2" }, { "n": "10分钟以下", "v": "1" } ] } ], 
"7年级数学": [ { "key": "tid", "name": "分类", "value": [ { "n": "全部", "v": "0" }, { "n": "沪教版", "v": "沪教版7年级数学" }, { "n": "人教版", "v": "人教版7年级数学" }, { "n": "北师大版", "v": "北师大版7年级数学" }, { "n": "苏教版", "v": "苏教版7年级数学" }, { "n": "冀教版", "v": "冀教版7年级数学" } ] }, 
{ "key": "duration", "name": "时长", "value": [ { "n": "全部", "v": "0" }, { "n": "60分钟以上", "v": "4" }, { "n": "30~60分钟", "v": "3" }, { "n": "10~30分钟", "v": "2" }, { "n": "10分钟以下", "v": "1" } ] } ], 
"7年级化学": [ { "key": "tid", "name": "分类", "value": [ { "n": "全部", "v": "0" }, { "n": "沪教版", "v": "沪教版7年级化学" }, { "n": "人教版", "v": "人教版7年级化学" }, { "n": "北师大版", "v": "北师大版7年级化学" }, { "n": "苏教版", "v": "苏教版7年级化学" }, { "n": "冀教版", "v": "冀教版7年级化学" } ] }, 
{ "key": "duration", "name": "时长", "value": [ { "n": "全部", "v": "0" }, { "n": "60分钟以上", "v": "4" }, { "n": "30~60分钟", "v": "3" }, { "n": "10~30分钟", "v": "2" }, { "n": "10分钟以下", "v": "1" } ] } ], 
"7年级物理": [ { "key": "tid", "name": "分类", "value": [ { "n": "全部", "v": "0" }, { "n": "沪教版", "v": "沪教版7年级物理" }, { "n": "人教版", "v": "人教版7年级物理" }, { "n": "北师大版", "v": "北师大版7年级物理" }, { "n": "苏教版", "v": "苏教版7年级物理" }, { "n": "冀教版", "v": "冀教版7年级物理" } ] }, 
{ "key": "duration", "name": "时长", "value": [ { "n": "全部", "v": "0" }, { "n": "60分钟以上", "v": "4" }, { "n": "30~60分钟", "v": "3" }, { "n": "10~30分钟", "v": "2" }, { "n": "10分钟以下", "v": "1" } ] } ], 
"7年级生物": [ { "key": "tid", "name": "分类", "value": [ { "n": "全部", "v": "0" }, { "n": "沪教版", "v": "沪教版7年级生物" }, { "n": "人教版", "v": "人教版7年级生物" }, { "n": "北师大版", "v": "北师大版7年级生物" }, { "n": "苏教版", "v": "苏教版7年级生物" }, { "n": "冀教版", "v": "冀教版7年级生物" } ] }, 
{ "key": "duration", "name": "时长", "value": [ { "n": "全部", "v": "0" }, { "n": "60分钟以上", "v": "4" }, { "n": "30~60分钟", "v": "3" }, { "n": "10~30分钟", "v": "2" }, { "n": "10分钟以下", "v": "1" } ] } ], 
"7年级历史": [ { "key": "tid", "name": "分类", "value": [ { "n": "全部", "v": "0" }, { "n": "沪教版", "v": "沪教版7年级历史" }, { "n": "人教版", "v": "人教版7年级历史" }, { "n": "北师大版", "v": "北师大版7年级历史" }, { "n": "苏教版", "v": "苏教版7年级历史" }, { "n": "冀教版", "v": "冀教版7年级历史" } ] }, 
{ "key": "duration", "name": "时长", "value": [ { "n": "全部", "v": "0" }, { "n": "60分钟以上", "v": "4" }, { "n": "30~60分钟", "v": "3" }, { "n": "10~30分钟", "v": "2" }, { "n": "10分钟以下", "v": "1" } ] } ], 
"8年级语文": [ { "key": "tid", "name": "分类", "value": [ { "n": "全部", "v": "0" }, { "n": "沪教版", "v": "沪教版8年级语文" }, { "n": "人教版", "v": "人教版8年级语文" }, { "n": "北师大版", "v": "北师大版8年级语文" }, { "n": "苏教版", "v": "苏教版8年级语文" }, { "n": "冀教版", "v": "冀教版8年级语文" } ] }, 
{ "key": "duration", "name": "时长", "value": [ { "n": "全部", "v": "0" }, { "n": "60分钟以上", "v": "4" }, { "n": "30~60分钟", "v": "3" }, { "n": "10~30分钟", "v": "2" }, { "n": "10分钟以下", "v": "1" } ] } ], 
"8年级英语": [ { "key": "tid", "name": "分类", "value": [ { "n": "全部", "v": "0" }, { "n": "沪教版", "v": "沪教版8年级英语" }, { "n": "人教版", "v": "人教版8年级英语" }, { "n": "北师大版", "v": "北师大版8年级英语" }, { "n": "苏教版", "v": "苏教版8年级英语" }, { "n": "冀教版", "v": "冀教版8年级英语" } ] }, 
{ "key": "duration", "name": "时长", "value": [ { "n": "全部", "v": "0" }, { "n": "60分钟以上", "v": "4" }, { "n": "30~60分钟", "v": "3" }, { "n": "10~30分钟", "v": "2" }, { "n": "10分钟以下", "v": "1" } ] } ], 
"8年级数学": [ { "key": "tid", "name": "分类", "value": [ { "n": "全部", "v": "0" }, { "n": "沪教版", "v": "沪教版8年级数学" }, { "n": "人教版", "v": "人教版8年级数学" }, { "n": "北师大版", "v": "北师大版8年级数学" }, { "n": "苏教版", "v": "苏教版8年级数学" }, { "n": "冀教版", "v": "冀教版8年级数学" } ] }, 
{ "key": "duration", "name": "时长", "value": [ { "n": "全部", "v": "0" }, { "n": "60分钟以上", "v": "4" }, { "n": "30~60分钟", "v": "3" }, { "n": "10~30分钟", "v": "2" }, { "n": "10分钟以下", "v": "1" } ] } ], 
"8年级化学": [ { "key": "tid", "name": "分类", "value": [ { "n": "全部", "v": "0" }, { "n": "沪教版", "v": "沪教版8年级化学" }, { "n": "人教版", "v": "人教版8年级化学" }, { "n": "北师大版", "v": "北师大版8年级化学" }, { "n": "苏教版", "v": "苏教版8年级化学" }, { "n": "冀教版", "v": "冀教版8年级化学" } ] }, 
{ "key": "duration", "name": "时长", "value": [ { "n": "全部", "v": "0" }, { "n": "60分钟以上", "v": "4" }, { "n": "30~60分钟", "v": "3" }, { "n": "10~30分钟", "v": "2" }, { "n": "10分钟以下", "v": "1" } ] } ], 
"8年级物理": [ { "key": "tid", "name": "分类", "value": [ { "n": "全部", "v": "0" }, { "n": "沪教版", "v": "沪教版8年级物理" }, { "n": "人教版", "v": "人教版8年级物理" }, { "n": "北师大版", "v": "北师大版8年级物理" }, { "n": "苏教版", "v": "苏教版8年级物理" }, { "n": "冀教版", "v": "冀教版8年级物理" } ] }, 
{ "key": "duration", "name": "时长", "value": [ { "n": "全部", "v": "0" }, { "n": "60分钟以上", "v": "4" }, { "n": "30~60分钟", "v": "3" }, { "n": "10~30分钟", "v": "2" }, { "n": "10分钟以下", "v": "1" } ] } ], 
"8年级生物": [ { "key": "tid", "name": "分类", "value": [ { "n": "全部", "v": "0" }, { "n": "沪教版", "v": "沪教版8年级生物" }, { "n": "人教版", "v": "人教版8年级生物" }, { "n": "北师大版", "v": "北师大版8年级生物" }, { "n": "苏教版", "v": "苏教版8年级生物" }, { "n": "冀教版", "v": "冀教版8年级生物" } ] }, 
{ "key": "duration", "name": "时长", "value": [ { "n": "全部", "v": "0" }, { "n": "60分钟以上", "v": "4" }, { "n": "30~60分钟", "v": "3" }, { "n": "10~30分钟", "v": "2" }, { "n": "10分钟以下", "v": "1" } ] } ], 
"8年级历史": [ { "key": "tid", "name": "分类", "value": [ { "n": "全部", "v": "0" }, { "n": "沪教版", "v": "沪教版8年级历史" }, { "n": "人教版", "v": "人教版8年级历史" }, { "n": "北师大版", "v": "北师大版8年级历史" }, { "n": "苏教版", "v": "苏教版8年级历史" }, { "n": "冀教版", "v": "冀教版8年级历史" } ] }, 
{ "key": "duration", "name": "时长", "value": [ { "n": "全部", "v": "0" }, { "n": "60分钟以上", "v": "4" }, { "n": "30~60分钟", "v": "3" }, { "n": "10~30分钟", "v": "2" }, { "n": "10分钟以下", "v": "1" } ] } ], 
"9年级语文": [ { "key": "tid", "name": "分类", "value": [ { "n": "全部", "v": "0" }, { "n": "沪教版", "v": "沪教版9年级语文" }, { "n": "人教版", "v": "人教版9年级语文" }, { "n": "北师大版", "v": "北师大版9年级语文" }, { "n": "苏教版", "v": "苏教版9年级语文" }, { "n": "冀教版", "v": "冀教版9年级语文" } ] }, 
{ "key": "duration", "name": "时长", "value": [ { "n": "全部", "v": "0" }, { "n": "60分钟以上", "v": "4" }, { "n": "30~60分钟", "v": "3" }, { "n": "10~30分钟", "v": "2" }, { "n": "10分钟以下", "v": "1" } ] } ], 
"9年级英语": [ { "key": "tid", "name": "分类", "value": [ { "n": "全部", "v": "0" }, { "n": "沪教版", "v": "沪教版9年级英语" }, { "n": "人教版", "v": "人教版9年级英语" }, { "n": "北师大版", "v": "北师大版9年级英语" }, { "n": "苏教版", "v": "苏教版9年级英语" }, { "n": "冀教版", "v": "冀教版9年级英语" } ] }, 
{ "key": "duration", "name": "时长", "value": [ { "n": "全部", "v": "0" }, { "n": "60分钟以上", "v": "4" }, { "n": "30~60分钟", "v": "3" }, { "n": "10~30分钟", "v": "2" }, { "n": "10分钟以下", "v": "1" } ] } ], 
"9年级数学": [ { "key": "tid", "name": "分类", "value": [ { "n": "全部", "v": "0" }, { "n": "沪教版", "v": "沪教版9年级数学" }, { "n": "人教版", "v": "人教版9年级数学" }, { "n": "北师大版", "v": "北师大版9年级数学" }, { "n": "苏教版", "v": "苏教版9年级数学" }, { "n": "冀教版", "v": "冀教版9年级数学" } ] }, 
{ "key": "duration", "name": "时长", "value": [ { "n": "全部", "v": "0" }, { "n": "60分钟以上", "v": "4" }, { "n": "30~60分钟", "v": "3" }, { "n": "10~30分钟", "v": "2" }, { "n": "10分钟以下", "v": "1" } ] } ], 
"9年级化学": [ { "key": "tid", "name": "分类", "value": [ { "n": "全部", "v": "0" }, { "n": "沪教版", "v": "沪教版9年级化学" }, { "n": "人教版", "v": "人教版9年级化学" }, { "n": "北师大版", "v": "北师大版9年级化学" }, { "n": "苏教版", "v": "苏教版9年级化学" }, { "n": "冀教版", "v": "冀教版9年级化学" } ] }, 
{ "key": "duration", "name": "时长", "value": [ { "n": "全部", "v": "0" }, { "n": "60分钟以上", "v": "4" }, { "n": "30~60分钟", "v": "3" }, { "n": "10~30分钟", "v": "2" }, { "n": "10分钟以下", "v": "1" } ] } ], 
"9年级物理": [ { "key": "tid", "name": "分类", "value": [ { "n": "全部", "v": "0" }, { "n": "沪教版", "v": "沪教版9年级物理" }, { "n": "人教版", "v": "人教版9年级物理" }, { "n": "北师大版", "v": "北师大版9年级物理" }, { "n": "苏教版", "v": "苏教版9年级物理" }, { "n": "冀教版", "v": "冀教版9年级物理" } ] }, 
{ "key": "duration", "name": "时长", "value": [ { "n": "全部", "v": "0" }, { "n": "60分钟以上", "v": "4" }, { "n": "30~60分钟", "v": "3" }, { "n": "10~30分钟", "v": "2" }, { "n": "10分钟以下", "v": "1" } ] } ], 
"9年级生物": [ { "key": "tid", "name": "分类", "value": [ { "n": "全部", "v": "0" }, { "n": "沪教版", "v": "沪教版9年级生物" }, { "n": "人教版", "v": "人教版9年级生物" }, { "n": "北师大版", "v": "北师大版9年级生物" }, { "n": "苏教版", "v": "苏教版9年级生物" }, { "n": "冀教版", "v": "冀教版9年级生物" } ] },
 { "key": "duration", "name": "时长", "value": [ { "n": "全部", "v": "0" }, { "n": "60分钟以上", "v": "4" }, { "n": "30~60分钟", "v": "3" }, { "n": "10~30分钟", "v": "2" }, { "n": "10分钟以下", "v": "1" } ] } ], 
"9年级历史": [ { "key": "tid", "name": "分类", "value": [ { "n": "全部", "v": "0" }, { "n": "沪教版", "v": "沪教版9年级历史" }, { "n": "人教版", "v": "人教版9年级历史" }, { "n": "北师大版", "v": "北师大版9年级历史" }, { "n": "苏教版", "v": "苏教版9年级历史" }, { "n": "冀教版", "v": "冀教版9年级历史" } ] }, 
{ "key": "duration", "name": "时长", "value": [ { "n": "全部", "v": "0" }, { "n": "60分钟以上", "v": "4" }, { "n": "30~60分钟", "v": "3" }, { "n": "10~30分钟", "v": "2" }, { "n": "10分钟以下", "v": "1" } ] } ], 
"高一语文": [ { "key": "tid", "name": "分类", "value": [ { "n": "全部", "v": "0" }, { "n": "沪教版", "v": "沪教版高一语文" }, { "n": "人教版", "v": "人教版高一语文" }, { "n": "北师大版", "v": "北师大版高一语文" }, { "n": "苏教版", "v": "苏教版高一语文" }, { "n": "冀教版", "v": "冀教版高一语文" } ] }, 
{ "key": "duration", "name": "时长", "value": [ { "n": "全部", "v": "0" }, { "n": "60分钟以上", "v": "4" }, { "n": "30~60分钟", "v": "3" }, { "n": "10~30分钟", "v": "2" }, { "n": "10分钟以下", "v": "1" } ] } ], 
"高一英语": [ { "key": "tid", "name": "分类", "value": [ { "n": "全部", "v": "0" }, { "n": "沪教版", "v": "沪教版高一英语" }, { "n": "人教版", "v": "人教版高一英语" }, { "n": "北师大版", "v": "北师大版高一英语" }, { "n": "苏教版", "v": "苏教版高一英语" }, { "n": "冀教版", "v": "冀教版高一英语" } ] }, 
{ "key": "duration", "name": "时长", "value": [ { "n": "全部", "v": "0" }, { "n": "60分钟以上", "v": "4" }, { "n": "30~60分钟", "v": "3" }, { "n": "10~30分钟", "v": "2" }, { "n": "10分钟以下", "v": "1" } ] } ], 
"高一数学": [ { "key": "tid", "name": "分类", "value": [ { "n": "全部", "v": "0" }, { "n": "沪教版", "v": "沪教版高一数学" }, { "n": "人教版", "v": "人教版高一数学" }, { "n": "北师大版", "v": "北师大版高一数学" }, { "n": "苏教版", "v": "苏教版高一数学" }, { "n": "冀教版", "v": "冀教版高一数学" } ] }, 
{ "key": "duration", "name": "时长", "value": [ { "n": "全部", "v": "0" }, { "n": "60分钟以上", "v": "4" }, { "n": "30~60分钟", "v": "3" }, { "n": "10~30分钟", "v": "2" }, { "n": "10分钟以下", "v": "1" } ] } ], 
"高一物理": [ { "key": "tid", "name": "分类", "value": [ { "n": "全部", "v": "0" }, { "n": "沪教版", "v": "沪教版高一物理" }, { "n": "人教版", "v": "人教版高一物理" }, { "n": "北师大版", "v": "北师大版高一物理" }, { "n": "苏教版", "v": "苏教版高一物理" }, { "n": "冀教版", "v": "冀教版高一物理" } ] }, 
{ "key": "duration", "name": "时长", "value": [ { "n": "全部", "v": "0" }, { "n": "60分钟以上", "v": "4" }, { "n": "30~60分钟", "v": "3" }, { "n": "10~30分钟", "v": "2" }, { "n": "10分钟以下", "v": "1" } ] } ], 
"高一化学": [ { "key": "tid", "name": "分类", "value": [ { "n": "全部", "v": "0" }, { "n": "沪教版", "v": "沪教版高一化学" }, { "n": "人教版", "v": "人教版高一化学" }, { "n": "北师大版", "v": "北师大版高一化学" }, { "n": "苏教版", "v": "苏教版高一化学" }, { "n": "冀教版", "v": "冀教版高一化学" } ] }, 
{ "key": "duration", "name": "时长", "value": [ { "n": "全部", "v": "0" }, { "n": "60分钟以上", "v": "4" }, { "n": "30~60分钟", "v": "3" }, { "n": "10~30分钟", "v": "2" }, { "n": "10分钟以下", "v": "1" } ] } ], 
"高一历史": [ { "key": "tid", "name": "分类", "value": [ { "n": "全部", "v": "0" }, { "n": "沪教版", "v": "沪教版高一历史" }, { "n": "人教版", "v": "人教版高一历史" }, { "n": "北师大版", "v": "北师大版高一历史" }, { "n": "苏教版", "v": "苏教版高一历史" }, { "n": "冀教版", "v": "冀教版高一历史" } ] }, 
{ "key": "duration", "name": "时长", "value": [ { "n": "全部", "v": "0" }, { "n": "60分钟以上", "v": "4" }, { "n": "30~60分钟", "v": "3" }, { "n": "10~30分钟", "v": "2" }, { "n": "10分钟以下", "v": "1" } ] } ], 
"高一生物": [ { "key": "tid", "name": "分类", "value": [ { "n": "全部", "v": "0" }, { "n": "沪教版", "v": "沪教版高一生物" }, { "n": "人教版", "v": "人教版高一生物" }, { "n": "北师大版", "v": "北师大版高一生物" }, { "n": "苏教版", "v": "苏教版高一生物" }, { "n": "冀教版", "v": "冀教版高一生物" } ] }, 
{ "key": "duration", "name": "时长", "value": [ { "n": "全部", "v": "0" }, { "n": "60分钟以上", "v": "4" }, { "n": "30~60分钟", "v": "3" }, { "n": "10~30分钟", "v": "2" }, { "n": "10分钟以下", "v": "1" } ] } ], 
"高一思想政治": [ { "key": "tid", "name": "分类", "value": [ { "n": "全部", "v": "0" }, { "n": "沪教版", "v": "沪教版高一思想政治" }, { "n": "人教版", "v": "人教版高一思想政治" }, { "n": "北师大版", "v": "北师大版高一思想政治" }, { "n": "苏教版", "v": "苏教版高一思想政治" }, { "n": "冀教版", "v": "冀教版高一思想政治" } ] }, 
{ "key": "duration", "name": "时长", "value": [ { "n": "全部", "v": "0" }, { "n": "60分钟以上", "v": "4" }, { "n": "30~60分钟", "v": "3" }, { "n": "10~30分钟", "v": "2" }, { "n": "10分钟以下", "v": "1" } ] } ], 
"高一地理": [ { "key": "tid", "name": "分类", "value": [ { "n": "全部", "v": "0" }, { "n": "沪教版", "v": "沪教版高一地理" }, { "n": "人教版", "v": "人教版高一地理" }, { "n": "北师大版", "v": "北师大版高一地理" }, { "n": "苏教版", "v": "苏教版高一地理" }, { "n": "冀教版", "v": "冀教版高一地理" } ] }, 
{ "key": "duration", "name": "时长", "value": [ { "n": "全部", "v": "0" }, { "n": "60分钟以上", "v": "4" }, { "n": "30~60分钟", "v": "3" }, { "n": "10~30分钟", "v": "2" }, { "n": "10分钟以下", "v": "1" } ] } ], 
"高二语文": [ { "key": "tid", "name": "分类", "value": [ { "n": "全部", "v": "0" }, { "n": "沪教版", "v": "沪教版高二语文" }, { "n": "人教版", "v": "人教版高二语文" }, { "n": "北师大版", "v": "北师大版高二语文" }, { "n": "苏教版", "v": "苏教版高二语文" }, { "n": "冀教版", "v": "冀教版高二语文" } ] }, 
{ "key": "duration", "name": "时长", "value": [ { "n": "全部", "v": "0" }, { "n": "60分钟以上", "v": "4" }, { "n": "30~60分钟", "v": "3" }, { "n": "10~30分钟", "v": "2" }, { "n": "10分钟以下", "v": "1" } ] } ], 
"高二英语": [ { "key": "tid", "name": "分类", "value": [ { "n": "全部", "v": "0" }, { "n": "沪教版", "v": "沪教版高二英语" }, { "n": "人教版", "v": "人教版高二英语" }, { "n": "北师大版", "v": "北师大版高二英语" }, { "n": "苏教版", "v": "苏教版高二英语" }, { "n": "冀教版", "v": "冀教版高二英语" } ] }, 
{ "key": "duration", "name": "时长", "value": [ { "n": "全部", "v": "0" }, { "n": "60分钟以上", "v": "4" }, { "n": "30~60分钟", "v": "3" }, { "n": "10~30分钟", "v": "2" }, { "n": "10分钟以下", "v": "1" } ] } ], 
"高二数学": [ { "key": "tid", "name": "分类", "value": [ { "n": "全部", "v": "0" }, { "n": "沪教版", "v": "沪教版高二数学" }, { "n": "人教版", "v": "人教版高二数学" }, { "n": "北师大版", "v": "北师大版高二数学" }, { "n": "苏教版", "v": "苏教版高二数学" }, { "n": "冀教版", "v": "冀教版高二数学" } ] }, 
{ "key": "duration", "name": "时长", "value": [ { "n": "全部", "v": "0" }, { "n": "60分钟以上", "v": "4" }, { "n": "30~60分钟", "v": "3" }, { "n": "10~30分钟", "v": "2" }, { "n": "10分钟以下", "v": "1" } ] } ], 
"高二物理": [ { "key": "tid", "name": "分类", "value": [ { "n": "全部", "v": "0" }, { "n": "沪教版", "v": "沪教版高二物理" }, { "n": "人教版", "v": "人教版高二物理" }, { "n": "北师大版", "v": "北师大版高二物理" }, { "n": "苏教版", "v": "苏教版高二物理" }, { "n": "冀教版", "v": "冀教版高二物理" } ] },
 { "key": "duration", "name": "时长", "value": [ { "n": "全部", "v": "0" }, { "n": "60分钟以上", "v": "4" }, { "n": "30~60分钟", "v": "3" }, { "n": "10~30分钟", "v": "2" }, { "n": "10分钟以下", "v": "1" } ] } ],
 "高二化学": [ { "key": "tid", "name": "分类", "value": [ { "n": "全部", "v": "0" }, { "n": "沪教版", "v": "沪教版高二化学" }, { "n": "人教版", "v": "人教版高二化学" }, { "n": "北师大版", "v": "北师大版高二化学" }, { "n": "苏教版", "v": "苏教版高二化学" }, { "n": "冀教版", "v": "冀教版高二化学" } ] }, 
{ "key": "duration", "name": "时长", "value": [ { "n": "全部", "v": "0" }, { "n": "60分钟以上", "v": "4" }, { "n": "30~60分钟", "v": "3" }, { "n": "10~30分钟", "v": "2" }, { "n": "10分钟以下", "v": "1" } ] } ], 
"高二历史": [ { "key": "tid", "name": "分类", "value": [ { "n": "全部", "v": "0" }, { "n": "沪教版", "v": "沪教版高二历史" }, { "n": "人教版", "v": "人教版高二历史" }, { "n": "北师大版", "v": "北师大版高二历史" }, { "n": "苏教版", "v": "苏教版高二历史" }, { "n": "冀教版", "v": "冀教版高二历史" } ] }, 
{ "key": "duration", "name": "时长", "value": [ { "n": "全部", "v": "0" }, { "n": "60分钟以上", "v": "4" }, { "n": "30~60分钟", "v": "3" }, { "n": "10~30分钟", "v": "2" }, { "n": "10分钟以下", "v": "1" } ] } ],
 "高二生物": [ { "key": "tid", "name": "分类", "value": [ { "n": "全部", "v": "0" }, { "n": "沪教版", "v": "沪教版高二生物" }, { "n": "人教版", "v": "人教版高二生物" }, { "n": "北师大版", "v": "北师大版高二生物" }, { "n": "苏教版", "v": "苏教版高二生物" }, { "n": "冀教版", "v": "冀教版高二生物" } ] },
 { "key": "duration", "name": "时长", "value": [ { "n": "全部", "v": "0" }, { "n": "60分钟以上", "v": "4" }, { "n": "30~60分钟", "v": "3" }, { "n": "10~30分钟", "v": "2" }, { "n": "10分钟以下", "v": "1" } ] } ], 
"高二思想政治": [ { "key": "tid", "name": "分类", "value": [ { "n": "全部", "v": "0" }, { "n": "沪教版", "v": "沪教版高二思想政治" }, { "n": "人教版", "v": "人教版高二思想政治" }, { "n": "北师大版", "v": "北师大版高二思想政治" }, { "n": "苏教版", "v": "苏教版高二思想政治" }, { "n": "冀教版", "v": "冀教版高二思想政治" } ] }, 
{ "key": "duration", "name": "时长", "value": [ { "n": "全部", "v": "0" }, { "n": "60分钟以上", "v": "4" }, { "n": "30~60分钟", "v": "3" }, { "n": "10~30分钟", "v": "2" }, { "n": "10分钟以下", "v": "1" } ] } ],
 "高二地理": [ { "key": "tid", "name": "分类", "value": [ { "n": "全部", "v": "0" }, { "n": "沪教版", "v": "沪教版高二地理" }, { "n": "人教版", "v": "人教版高二地理" }, { "n": "北师大版", "v": "北师大版高二地理" }, { "n": "苏教版", "v": "苏教版高二地理" }, { "n": "冀教版", "v": "冀教版高二地理" } ] }, 
{ "key": "duration", "name": "时长", "value": [ { "n": "全部", "v": "0" }, { "n": "60分钟以上", "v": "4" }, { "n": "30~60分钟", "v": "3" }, { "n": "10~30分钟", "v": "2" }, { "n": "10分钟以下", "v": "1" } ] } ], 
"高三语文": [ { "key": "tid", "name": "分类", "value": [ { "n": "全部", "v": "0" }, { "n": "沪教版", "v": "沪教版高三语文" }, { "n": "人教版", "v": "人教版高三语文" }, { "n": "北师大版", "v": "北师大版高三语文" }, { "n": "苏教版", "v": "苏教版高三语文" }, { "n": "冀教版", "v": "冀教版高三语文" } ] }, 
{ "key": "duration", "name": "时长", "value": [ { "n": "全部", "v": "0" }, { "n": "60分钟以上", "v": "4" }, { "n": "30~60分钟", "v": "3" }, { "n": "10~30分钟", "v": "2" }, { "n": "10分钟以下", "v": "1" } ] } ],
 "高三英语": [ { "key": "tid", "name": "分类", "value": [ { "n": "全部", "v": "0" }, { "n": "沪教版", "v": "沪教版高三英语" }, { "n": "人教版", "v": "人教版高三英语" }, { "n": "北师大版", "v": "北师大版高三英语" }, { "n": "苏教版", "v": "苏教版高三英语" }, { "n": "冀教版", "v": "冀教版高三英语" } ] }, 
{ "key": "duration", "name": "时长", "value": [ { "n": "全部", "v": "0" }, { "n": "60分钟以上", "v": "4" }, { "n": "30~60分钟", "v": "3" }, { "n": "10~30分钟", "v": "2" }, { "n": "10分钟以下", "v": "1" } ] } ], 
"高三数学": [ { "key": "tid", "name": "分类", "value": [ { "n": "全部", "v": "0" }, { "n": "沪教版", "v": "沪教版高三数学" }, { "n": "人教版", "v": "人教版高三数学" }, { "n": "北师大版", "v": "北师大版高三数学" }, { "n": "苏教版", "v": "苏教版高三数学" }, { "n": "冀教版", "v": "冀教版高三数学" } ] }, 
{ "key": "duration", "name": "时长", "value": [ { "n": "全部", "v": "0" }, { "n": "60分钟以上", "v": "4" }, { "n": "30~60分钟", "v": "3" }, { "n": "10~30分钟", "v": "2" }, { "n": "10分钟以下", "v": "1" } ] } ], 
"高三物理": [ { "key": "tid", "name": "分类", "value": [ { "n": "全部", "v": "0" }, { "n": "沪教版", "v": "沪教版高三物理" }, { "n": "人教版", "v": "人教版高三物理" }, { "n": "北师大版", "v": "北师大版高三物理" }, { "n": "苏教版", "v": "苏教版高三物理" }, { "n": "冀教版", "v": "冀教版高三物理" } ] }, 
{ "key": "duration", "name": "时长", "value": [ { "n": "全部", "v": "0" }, { "n": "60分钟以上", "v": "4" }, { "n": "30~60分钟", "v": "3" }, { "n": "10~30分钟", "v": "2" }, { "n": "10分钟以下", "v": "1" } ] } ], 
"高三化学": [ { "key": "tid", "name": "分类", "value": [ { "n": "全部", "v": "0" }, { "n": "沪教版", "v": "沪教版高三化学" }, { "n": "人教版", "v": "人教版高三化学" }, { "n": "北师大版", "v": "北师大版高三化学" }, { "n": "苏教版", "v": "苏教版高三化学" }, { "n": "冀教版", "v": "冀教版高三化学" } ] },
 { "key": "duration", "name": "时长", "value": [ { "n": "全部", "v": "0" }, { "n": "60分钟以上", "v": "4" }, { "n": "30~60分钟", "v": "3" }, { "n": "10~30分钟", "v": "2" }, { "n": "10分钟以下", "v": "1" } ] } ], 
"高三历史": [ { "key": "tid", "name": "分类", "value": [ { "n": "全部", "v": "0" }, { "n": "沪教版", "v": "沪教版高三历史" }, { "n": "人教版", "v": "人教版高三历史" }, { "n": "北师大版", "v": "北师大版高三历史" }, { "n": "苏教版", "v": "苏教版高三历史" }, { "n": "冀教版", "v": "冀教版高三历史" } ] }, 
{ "key": "duration", "name": "时长", "value": [ { "n": "全部", "v": "0" }, { "n": "60分钟以上", "v": "4" }, { "n": "30~60分钟", "v": "3" }, { "n": "10~30分钟", "v": "2" }, { "n": "10分钟以下", "v": "1" } ] } ], 
"高三生物": [ { "key": "tid", "name": "分类", "value": [ { "n": "全部", "v": "0" }, { "n": "沪教版", "v": "沪教版高三生物" }, { "n": "人教版", "v": "人教版高三生物" }, { "n": "北师大版", "v": "北师大版高三生物" }, { "n": "苏教版", "v": "苏教版高三生物" }, { "n": "冀教版", "v": "冀教版高三生物" } ] }, 
{ "key": "duration", "name": "时长", "value": [ { "n": "全部", "v": "0" }, { "n": "60分钟以上", "v": "4" }, { "n": "30~60分钟", "v": "3" }, { "n": "10~30分钟", "v": "2" }, { "n": "10分钟以下", "v": "1" } ] } ],
 "高三思想政治": [ { "key": "tid", "name": "分类", "value": [ { "n": "全部", "v": "0" }, { "n": "沪教版", "v": "沪教版高三思想政治" }, { "n": "人教版", "v": "人教版高三思想政治" }, { "n": "北师大版", "v": "北师大版高三思想政治" }, { "n": "苏教版", "v": "苏教版高三思想政治" }, { "n": "冀教版", "v": "冀教版高三思想政治" } ] }, 
{ "key": "duration", "name": "时长", "value": [ { "n": "全部", "v": "0" }, { "n": "60分钟以上", "v": "4" }, { "n": "30~60分钟", "v": "3" }, { "n": "10~30分钟", "v": "2" }, { "n": "10分钟以下", "v": "1" } ] } ], 
"高三地理": [ { "key": "tid", "name": "分类", "value": [ { "n": "全部", "v": "0" }, { "n": "沪教版", "v": "沪教版高三地理" }, { "n": "人教版", "v": "人教版高三地理" }, { "n": "北师大版", "v": "北师大版高三地理" }, { "n": "苏教版", "v": "苏教版高三地理" }, { "n": "冀教版", "v": "冀教版高三地理" } ] }, 
{ "key": "duration", "name": "时长", "value": [ { "n": "全部", "v": "0" }, { "n": "60分钟以上", "v": "4" }, { "n": "30~60分钟", "v": "3" }, { "n": "10~30分钟", "v": "2" }, { "n": "10分钟以下", "v": "1" } ] } ]
} } 