{"urls": [
{"url": "clan://localhost/TVBox/lib/无忧TV.json","name":"无忧TV专线"},
{"url": "clan://localhost/TVBox/lib/无忧.json","name":"无忧线路"},
{"url": "clan://localhost/TVBox/lib/弯弯.txt","name":"弯弯线路"},
{"url": "clan://localhost/TVBox/lib/唐三.txt","name":"唐三线路"},
{"url": "clan://localhost/TVBox/lib/菜妮丝.txt","name":"菜妮丝线路"},
{"url": "clan://localhost/TVBox/lib/俊佬.txt","name":"俊佬线路"},
{"url": "clan://localhost/TVBox/Hk/XYQTVBox.txt","name":"海阔线路"},
{"url": "clan://localhost/TVBox/JS/js.json","name":"JS专线"},
{"url": "clan://localhost/TVBox/py/py.txt","name":"PY专线"},
{"url": "clan://localhost/TVBox/lib/动漫.txt","name":"动漫线路"},
{"url": "clan://localhost/TVBox/lib/云星家庭.json","name":"云星家庭线路"},
{"url": "clan://localhost/TVBox/lib/云星哔哩.json","name":"云星哔哩线路"},
{"url": "clan://localhost/TVBox/lib/云星阿里.json","name":"云星阿里线路"},
{"url": "clan://localhost/TVBox/lib/神器.json","name":"神器线路"},
{"url": "clan://localhost/TVBox/lib/刚刚.json","name":"刚刚线路"},
{"url": "clan://localhost/TVBox/lib/月光.json","name":"月光PLUS线路"},
{"url": "clan://localhost/TVBox/lib/太阳.json","name":"太阳线路"},
{"url": "clan://localhost/TVBox/lib/分享者.json","name":"分享者线路"},
{"url": "clan://localhost/TVBox/lib/白嫖.json","name":"白嫖线路"},
{"url": "clan://localhost/TVBox/lib/南风XC.json","name":"南风XC线路"},
{"url": "clan://localhost/TVBox/lib/肥猫.txt","name":"肥猫线路"},
{"url": "clan://localhost/TVBox/lib/饭太硬.txt","name":"饭太硬线路"},
{"url": "clan://localhost/TVBox/lib/巧计.txt","name":"巧计线路"},
{"url": "clan://localhost/TVBox/lib/老刘备.json","name":"老刘备线路"},
{"url": "clan://localhost/TVBox/lib/多多.json","name":"多多线路"},
{"url": "clan://localhost/TVBox/lib/小马.txt","name":"小马线路"},
{"url": "clan://localhost/TVBox/lib/无名1.txt","name":"无名1线路"}




]
}